<?xml version="1.0"?>
<!DOCTYPE hibernate-mapping PUBLIC
	"-//Hibernate/Hibernate Mapping DTD//EN"
	"http://hibernate.sourceforge.net/hibernate-mapping-3.0.dtd" >

<hibernate-mapping package="com.jeecms.cms.entity.assist">
	<class
		name="CmsJobApply"
		table="jc_job_apply"
	>
		<meta attribute="sync-DAO">false</meta>
		<cache usage="read-write"/>
		<id
			name="id"
			type="integer"
			column="job_apply_id"
		>
			<generator class="identity"/>
		</id>

		<property
			name="applyTime"
			column="apply_time"
			type="timestamp"
			not-null="true"
			length="19"
		/>
		<many-to-one
			name="content"
			column="content_id"
			class="com.jeecms.cms.entity.main.Content"
			not-null="true"
		>
		</many-to-one>
		<many-to-one
			name="user"
			column="user_id"
			class="com.jeecms.core.entity.CmsUser"
			not-null="true"
		>
		</many-to-one>


	</class>	
</hibernate-mapping>