<?xml version="1.0" encoding="UTF-8"?>
<beans xmlns="http://www.springframework.org/schema/beans"
	xmlns:xsi="http://www.w3.org/2001/XMLSchema-instance"
	xmlns:context="http://www.springframework.org/schema/context"
	xmlns:mvc="http://www.springframework.org/schema/mvc"
	xsi:schemaLocation="http://www.springframework.org/schema/beans http://www.springframework.org/schema/beans/spring-beans-3.2.xsd
	http://www.springframework.org/schema/context http://www.springframework.org/schema/context/spring-context-3.2.xsd
	http://www.springframework.org/schema/mvc http://www.springframework.org/schema/mvc/spring-mvc-3.2.xsd"
	default-lazy-init="true">
	
	<!-- 定时去刷新资源文件 -->
	<bean id="messageSource" class="org.springframework.context.support.ReloadableResourceBundleMessageSource">
		<property name="cacheSeconds" value="-1"/>
		<property name="basenames" value="#{propertyUtils.getList('messages.front.')}"/>
	</bean>
	<!-- spring上传文件 -->
	<bean id="multipartResolver" class="org.springframework.web.multipart.commons.CommonsMultipartResolver"/>
	
	<bean class="org.springframework.web.servlet.mvc.annotation.AnnotationMethodHandlerAdapter">
		<property name="webBindingInitializer">
			<bean class="com.jeecms.common.web.springmvc.BindingInitializer"/>
		</property>
	</bean>
	
	<bean class="org.springframework.web.servlet.mvc.annotation.DefaultAnnotationHandlerMapping">
		<property name="interceptors">
			<list>
				<ref bean="frontContextInterceptor"/>
				<ref bean="frontLocaleInterceptor"/>
			</list>
		</property>
	</bean>
	<bean id="frontContextInterceptor" class="com.jeecms.cms.web.FrontContextInterceptor"/>
	<bean id="frontLocaleInterceptor" class="com.jeecms.cms.web.FrontLocaleInterceptor"/>
	
	<!-- 通过浏览器的cookie设置来取得locale对象 -->
	<bean id="localeResolver" class="org.springframework.web.servlet.i18n.CookieLocaleResolver">
		<property name="cookieName" value="clientlanguage"/>
		<property name="cookieMaxAge" value="-1"/>
	</bean>

	<bean class="org.springframework.web.servlet.handler.SimpleMappingExceptionResolver">
		<property name="exceptionMappings">
			<props>
				<prop key="org.springframework.web.bind.MissingServletRequestParameterException">/WEB-INF/error/requiredParameter.html</prop>
				<prop key="org.springframework.beans.TypeMismatchException">/WEB-INF/error/mismatchParameter.html</prop>
				<prop key="org.springframework.web.bind.ServletRequestBindingException">/WEB-INF/error/bindException.html</prop>
				<prop key="com.jeecms.cms.web.SiteNotFoundException">/WEB-INF/error/siteNotFoundException.html</prop>
			</props>
		</property>
	</bean>
	<bean id="freemarkerViewResolver" class="com.jeecms.common.web.springmvc.SimpleFreeMarkerViewResolver">
		<property name="contentType" value="text/html; charset=UTF-8"/>
		<property name="exposeRequestAttributes" value="false"/>
		<property name="exposeSessionAttributes" value="false"/>
		<property name="exposeSpringMacroHelpers" value="true"/>
	</bean>
	<bean id="freemarkerConfig" class="org.springframework.web.servlet.view.freemarker.FreeMarkerConfigurer">
		<!--获取标签配置-->
		<property name="freemarkerVariables" value="#{propertyUtils.getBeanMap('directive.')}"/>
		<property name="templateLoaderPath" value=""/>
		<property name="freemarkerSettings">
			<props>
				<prop key="tag_syntax">auto_detect</prop>
				<prop key="template_update_delay">5</prop>
				<prop key="defaultEncoding">UTF-8</prop>
				<prop key="url_escaping_charset">UTF-8</prop>
				<prop key="locale">zh_CN</prop>
				<prop key="boolean_format">true,false</prop>
				<prop key="datetime_format">yyyy-MM-dd HH:mm:ss</prop>
				<prop key="date_format">yyyy-MM-dd</prop>
				<prop key="time_format">HH:mm:ss</prop>
				<prop key="number_format">0.######</prop>
				<prop key="whitespace_stripping">true</prop>
				<!--空值处理<prop key="classic_compatible">true</prop>-->
				<prop key="auto_import">/WEB-INF/ftl/jeecms/index.ftl as p,/WEB-INF/ftl/spring.ftl as s</prop>
			</props>
		</property>
	</bean>
	<context:annotation-config/>
	<import resource="jeecms/jeecms-servlet-front-action.xml"/>
</beans>
