<?xml version="1.0"?>
<!DOCTYPE hibernate-mapping PUBLIC "-//Hibernate/Hibernate Mapping DTD//EN" "http://hibernate.sourceforge.net/hibernate-mapping-3.0.dtd">
<hibernate-mapping package="com.jeecms.cms.entity.main">
	<class name="Content" table="jc_content">
		<meta attribute="sync-DAO">false</meta>
		<cache usage="read-write"/>
		<id name="id" type="java.lang.Integer" column="content_id"><generator class="identity"/></id>
		<property name="sortDate" column="sort_date" type="timestamp" not-null="true" length="19"/>
		<property name="topLevel" column="top_level" type="java.lang.Byte" not-null="true" length="10"/>
		<property name="hasTitleImg" column="has_title_img" type="java.lang.Boolean" not-null="true"/>
		<property name="recommend" column="is_recommend" type="java.lang.Boolean" not-null="true"/>
		<property name="status" column="status" type="java.lang.Byte" not-null="true" length="10"/>
		<property name="viewsDay" column="views_day" type="integer" not-null="true" length="10"/>
		<property name="commentsDay" column="comments_day" type="java.lang.Short" not-null="true" length="5"/>
		<property name="downloadsDay" column="downloads_day" type="java.lang.Short" not-null="true" length="5"/>
		<property name="upsDay" column="ups_day" type="java.lang.Short" not-null="true" length="5"/>
		<property name="score" column="score" type="java.lang.Integer" not-null="true" length="11"/>
		<one-to-one name="contentExt" class="ContentExt" cascade="delete"/>
		<one-to-one name="contentCount" class="ContentCount" cascade="delete"/>
		<many-to-one name="type" column="type_id" class="ContentType" not-null="false"></many-to-one>
		<many-to-one name="site" column="site_id" class="com.jeecms.core.entity.CmsSite" not-null="true"></many-to-one>
		<many-to-one name="user" column="user_id" class="com.jeecms.core.entity.CmsUser" not-null="false"></many-to-one>
		<many-to-one name="channel" column="channel_id" class="Channel" not-null="false"></many-to-one>
		<many-to-one name="model" column="model_id" class="CmsModel" not-null="false"></many-to-one>
		<set name="channels" table="jc_content_channel">
			<key column="content_id"/>
			<many-to-many column="channel_id" class="Channel"/>
		</set>
		<set name="topics" table="jc_content_topic">
			<key column="content_id"/>
			<many-to-many column="topic_id" class="CmsTopic"/>
		</set>
		<list name="tags" table="jc_contenttag">
			<cache usage="read-write"/>
			<key column="content_id"/>
			<list-index column="priority"/>
			<many-to-many column="tag_id" class="ContentTag"/>
		</list>
		<list name="pictures" table="jc_content_picture">
			<cache usage="read-write"/>
			<key column="content_id"/>
			<list-index column="priority"/>
			<composite-element class="ContentPicture">
				<property name="imgPath" column="img_path" type="string" length="100" not-null="true"/>
				<property name="description" column="description" type="string" length="255" not-null="false"/>
			</composite-element>
		</list>
		<list name="attachments" table="jc_content_attachment">
			<cache usage="read-write"/>
			<key column="content_id"/>
			<list-index column="priority"/>
			<composite-element class="ContentAttachment">
				<property name="path" column="attachment_path" type="string" length="255" not-null="true"/>
				<property name="name" column="attachment_name" type="string" length="100" not-null="true"/>
				<property name="filename" column="filename" type="string" length="100" not-null="false"/>
				<property name="count" column="download_count" type="java.lang.Integer" length="10" not-null="true"/>
			</composite-element>
		</list>
		<set name="contentTxtSet" inverse="true" cascade="delete-orphan">
			<cache usage="read-write"/>
			<key column="content_id"/>
			<one-to-many class="ContentTxt"/>
		</set>
		<set name="contentCheckSet" inverse="true" cascade="delete-orphan">
			<cache usage="read-write"/>
			<key column="content_id"/>
			<one-to-many class="ContentCheck"/>
		</set>
		<map name="attr" table="jc_content_attr" cascade="all-delete-orphan">
			<cache usage="read-write"/>
			<key column="content_id" not-null="true"/>
			<map-key column="attr_name" type="string" length="30"/>
			<element column="attr_value" type="string" length="255"/>
		</map>
		<set name="viewGroups" table="jc_content_group_view">
			<cache usage="read-write"/>
			<key column="content_id"/>
			<many-to-many column="group_id" class="com.jeecms.core.entity.CmsGroup"/>
		</set>
		<set name="collectUsers" table="jc_user_collection">
			<key column="content_id"/>
			<many-to-many column="user_id" class="com.jeecms.core.entity.CmsUser"/>
		</set>
		<set name="jobApplys" inverse="true" cascade="delete-orphan">
			<cache usage="read-write"/>
			<key column="content_id"/>
			<one-to-many class="com.jeecms.cms.entity.assist.CmsJobApply"/>
		</set>
		<set name="comments" inverse="true" cascade="delete-orphan">
			<cache usage="read-write"/>
			<key column="content_id"/>
			<one-to-many class="com.jeecms.cms.entity.assist.CmsComment"/>
		</set>
		<set name="files" inverse="true">
			<cache usage="read-write"/>
			<key column="content_id"/>
			<one-to-many class="com.jeecms.cms.entity.assist.CmsFile"/>
		</set>
		<set name="scoreRecordSet" inverse="true"  cascade="delete-orphan">
			<cache usage="read-write"/>
			<key column="content_id"/>
			<one-to-many class="com.jeecms.cms.entity.assist.CmsScoreRecord"/>
		</set>
	</class>
</hibernate-mapping>