<?xml version="1.0"?>
<!DOCTYPE hibernate-mapping PUBLIC "-//Hibernate/Hibernate Mapping DTD//EN" "http://hibernate.sourceforge.net/hibernate-mapping-3.0.dtd">
<hibernate-mapping package="com.jeecms.core.entity">
	<class name="Authentication" table="jo_authentication">
		<meta attribute="sync-DAO">false</meta>
		<id name="id" type="string" column="authentication_id"><generator class="assigned"/></id>
		<property name="uid" column="userid" type="java.lang.Integer" not-null="true" length="19"/>
		<property name="username" column="username" type="string" not-null="true" length="100"/>
		<property name="email" column="email" type="string" not-null="false" length="100"/>
		<property name="loginTime" column="login_time" type="timestamp" not-null="true" length="19"/>
		<property name="loginIp" column="login_ip" type="string" not-null="true" length="50"/>
		<property name="updateTime" column="update_time" type="timestamp" not-null="true" length="19"/>
	</class>
</hibernate-mapping>