<?xml version="1.0"?>
<!DOCTYPE hibernate-mapping PUBLIC "-//Hibernate/Hibernate Mapping DTD//EN" "http://hibernate.sourceforge.net/hibernate-mapping-3.0.dtd">
<hibernate-mapping package="com.jeecms.core.entity">
	<class name="CmsUserSite" table="jc_user_site">
		<meta attribute="sync-DAO">false</meta>
		<cache usage="read-write"/>
		<id name="id" type="java.lang.Integer" column="usersite_id"><generator class="identity"/></id>
		<property name="checkStep" column="check_step" type="java.lang.Byte" not-null="true" length="3"/>
		<property name="allChannel" column="is_all_channel" type="java.lang.Boolean" not-null="true"/>
		<many-to-one name="user" column="user_id" class="CmsUser" not-null="true"></many-to-one>
		<many-to-one name="site" column="site_id" class="CmsSite" not-null="true"></many-to-one>
	</class>
</hibernate-mapping>